{"created": "2025-07-09 09:40:14", "type": "IMAGE", "model": "MobileNetV2", "class": ["NG", "OK"], "epoch": 5, "image_size": [224, 224], "batch_size": 16, "learning_rate": 0.0001, "accuracy": 0.9230769276618958, "loss": 0.34016042947769165}